timestamp,symbol,price,volume,previous_price,price_change,percentage_change,moving_average_3
2025-07-04 10:00:00,AAPL,145.67,200,,0,0,145.67
2025-07-04 10:00:01,AAPL,145.8,220,145.67,0.13,0.0892,145.735
2025-07-04 10:00:02,AAPL,145.72,180,145.8,-0.08,-0.0549,145.73
2025-07-04 10:00:03,AAPL,146.1,250,145.72,0.38,0.2608,145.8733
2025-07-04 10:00:04,AAPL,146.25,270,146.1,0.15,0.1027,146.0233
2025-07-04 10:00:05,AAPL,146.05,240,146.25,-0.2,-0.1368,146.1333
2025-07-04 10:00:06,MSFT,299.23,150,,0,0,299.23
2025-07-04 10:00:07,MSFT,299.8,170,299.23,0.57,0.1905,299.515
2025-07-04 10:00:08,MSFT,300.1,190,299.8,0.3,0.1001,299.71
2025-07-04 10:00:09,MSFT,299.95,165,300.1,-0.15,-0.05,299.95
2025-07-04 10:00:10,MSFT,300.4,210,299.95,0.45,0.15,300.15
2025-07-04 10:00:11,MSFT,300.75,230,300.4,0.35,0.1165,300.3667
2025-07-04 10:00:12,GOOG,2800.12,100,,0,0,2800.12
2025-07-04 10:00:13,GOOG,2802.5,120,2800.12,2.38,0.085,2801.31
2025-07-04 10:00:14,GOOG,2801.75,115,2802.5,-0.75,-0.0268,2801.4567
2025-07-04 10:00:15,GOOG,2804.2,140,2801.75,2.45,0.0874,2802.8167
2025-07-04 10:00:16,GOOG,2805.1,155,2804.2,0.9,0.0321,2803.6833
2025-07-04 10:00:17,GOOG,2803.9,130,2805.1,-1.2,-0.0428,2804.4
2025-07-04 10:00:00,AAPL,145.67,200,146.05,-0.38,-0.2602,145.99
2025-07-04 10:00:01,AAPL,145.8,220,145.67,0.13,0.0892,145.84
2025-07-04 10:00:02,AAPL,145.72,180,145.8,-0.08,-0.0549,145.73
2025-07-04 10:00:03,AAPL,146.1,250,145.72,0.38,0.2608,145.8733
2025-07-04 10:00:04,AAPL,146.25,270,146.1,0.15,0.1027,146.0233
2025-07-04 10:00:05,AAPL,146.05,240,146.25,-0.2,-0.1368,146.1333
2025-07-04 10:00:06,MSFT,299.23,150,300.75,-1.52,-0.5054,300.1267
2025-07-04 10:00:07,MSFT,299.8,170,299.23,0.57,0.1905,299.9267
2025-07-04 10:00:08,MSFT,300.1,190,299.8,0.3,0.1001,299.71
2025-07-04 10:00:09,MSFT,299.95,165,300.1,-0.15,-0.05,299.95
2025-07-04 10:00:10,MSFT,300.4,210,299.95,0.45,0.15,300.15
2025-07-04 10:00:11,MSFT,300.75,230,300.4,0.35,0.1165,300.3667
2025-07-04 10:00:12,GOOG,2800.12,100,2803.9,-3.78,-0.1348,2803.04
2025-07-04 10:00:13,GOOG,2802.5,120,2800.12,2.38,0.085,2802.1733
2025-07-04 10:00:14,GOOG,2801.75,115,2802.5,-0.75,-0.0268,2801.4567
2025-07-04 10:00:15,GOOG,2804.2,140,2801.75,2.45,0.0874,2802.8167
2025-07-04 10:00:16,GOOG,2805.1,155,2804.2,0.9,0.0321,2803.6833
2025-07-04 10:00:17,GOOG,2803.9,130,2805.1,-1.2,-0.0428,2804.4
