timestamp,symbol,price,volume
2025-07-04 10:00:00,AAPL,145.67,200
2025-07-04 10:00:01,AAPL,145.80,220
2025-07-04 10:00:02,AAPL,145.72,180
2025-07-04 10:00:03,AAPL,146.10,250
2025-07-04 10:00:04,AAPL,146.25,270
2025-07-04 10:00:05,AAPL,146.05,240
2025-07-04 10:00:06,MSFT,299.23,150
2025-07-04 10:00:07,MSFT,299.80,170
2025-07-04 10:00:08,MSFT,300.10,190
2025-07-04 10:00:09,MSFT,299.95,165
2025-07-04 10:00:10,MSFT,300.40,210
2025-07-04 10:00:11,MSFT,300.75,230
2025-07-04 10:00:12,GOOG,2800.12,100
2025-07-04 10:00:13,GOOG,2802.50,120
2025-07-04 10:00:14,GOOG,2801.75,115
2025-07-04 10:00:15,GOOG,2804.20,140
2025-07-04 10:00:16,GOOG,2805.10,155
2025-07-04 10:00:17,GOOG,2803.90,130